id,post_type,post_name,post_title,soundcloud_link,instagram_link,hometown,active
135,dj,dj-abel-aguilera,"DJ Abel Aguilera",https://soundcloud.com/abelaguilera/,https://www.instagram.com/djabelaguilera/,"Miami, FL",1
136,dj,dj-alain-jackinsky,"DJ Alain Jackinsky",https://soundcloud.com/jackinsky/,https://www.instagram.com/jackinsky/,"Montreal, Canada",1
137,dj,dj-alex-acosta,"DJ Alex Acosta",https://soundcloud.com/djalexacosta/,https://www.instagram.com/djalexacosta/,"Miami, FL",1
138,dj,dj-alexis-tucci,"DJ Alexis Tucci",https://soundcloud.com/alexis-tucci-hansen/,https://www.instagram.com/alexistucci/,"St. Louis, MO",1
139,dj,dj-brett-oosterhaus,"DJ Brett Oosterhaus",https://soundcloud.com/oosterhaus-music,https://www.instagram.com/djbrettoosterhaus/,"New York, NY",1
140,dj,dj-charlie-b,"DJ Charlie B",https://soundcloud.com/djcharlieb1/,https://instagram.com/itsallcharlie/,"Los Angeles, CA",1
141,dj,dj-chris-b,"DJ Chris B",https://soundcloud.com/djchrisb79/,https://www.instagram.com/djchrisbeee/,"Philadelphia, PA",1
142,dj,dj-chris-urban,"DJ Chris Urban",https://soundcloud.com/dj-chris-urban/,https://www.instagram.com/djchrisurban/,"Philadelphia, PA",1
143,dj,dj-cindel,"DJ Cindel",https://soundcloud.com/djcindel/,https://www.instagram.com/djcindel/,"Chicago, IL",1
144,dj,dj-danny-kim,"DJ Danny Kim",https://soundcloud.com/dj_dannykim/,https://www.instagram.com/djdannykim/,"New York, NY",1
145,dj,dj-figge,"DJ Figge",https://soundcloud.com/djfigge/,,"New York, NY",1
146,dj,dj-gui-barros,"DJ Gui Barros",https://soundcloud.com/djguibarros/,https://www.instagram.com/djguibarros/,Brazil,1
147,dj,dj-guy-scheiman,"DJ Guy Scheiman",https://soundcloud.com/guyscheimanmusic/,https://www.instagram.com/guyscheiman,"Denver, CO",1
148,dj,dj-hector-fonseca,"DJ Hector Fonseca",,,,1
149,dj,dj-j-warren,"DJ J Warren",https://soundcloud.com/j-warren-official,https://www.instagram.com/dj_jwarren/,"Atlanta, GA",1
150,dj,dj-jace-m,"DJ Jace M",https://soundcloud.com/jacedj/,https://www.instagram.com/jacedj/,"Miami, FL",1
151,dj,dj-james-anthony,"DJ James Anthony",https://soundcloud.com/thedjjamesanthony,https://www.instagram.com/djjamesanthony/,"New York, NY",1
152,dj,dj-joey-mustache,"DJ Joey Mustache",,,,
153,dj,dj-joshua-ruiz,"DJ Joshua Ruiz",https://soundcloud.com/joshua-ruiz-392335694/,https://www.instagram.com/dj_joshuaruiz/,"New York, NY",1
154,dj,dj-kirk,"DJ K!RK",https://soundcloud.com/dj_krk,https://www.instagram.com/_djkirk/,"Philadelphia, PA",1
155,dj,dj-las-bibas-from-vizcaya,"DJ Las Bibas from Vizcaya",https://soundcloud.com/lasbibasofficial/,https://www.instagram.com/lasbibasmusic/,"Vizcaya, Brazil",1
156,dj,dj-mike-foch,"DJ Mike Foch",https://soundcloud.com/dj_foch,https://www.instagram.com/mike_foch/,"NJ / NYC / Philly",1
157,dj,dj-nick-stracener,"DJ Nick Stracener",https://soundcloud.com/nickstracener/,https://www.instagram.com/thenickstracener/,"Dallas, TX",1
158,dj,dj-nina-flowers,"DJ Nina Flowers",https://soundcloud.com/nina-flowers/,https://www.instagram.com/djninaflowers/,"Denver, CO",1
159,dj,dj-riva-bianca,"DJ Riva & Bianca",https://soundcloud.com/riva-bianca-music/,https://www.instagram.com/rivabiancamusic/,"Philadelphia, PA",1
160,dj,dj-sakalem,"DJ Sakalem",https://soundcloud.com/djsakalem,https://www.instagram.com/sakalemlucasdj/,"New York, NY",1
161,dj,dj-sandro-monts,"DJ Sandro Monts",,,,1
162,dj,dj-shane-marcus,"DJ Shane Marcus",https://soundcloud.com/shanemarcus,https://www.instagram.com/djshanemarcus/,"New York, NY",1
163,dj,dj-twin,"DJ Twin",https://soundcloud.com/djtwinofficial/,https://www.instagram.com/djtwinofficial/,,1
1923,dj,dj-mxm,"DJ MXM",https://soundcloud.com/mfmdjfoch/erotica-solo-sesh-1,,NY/NJ,0
